{"cameraMode":{"drawMode":0,"name":"Shaded","section":"Shading Mode"},"sceneLighting":true,"audioPlay":false,"sceneViewState":{"showFog":true,"showMaterialUpdate":false,"showSkybox":true,"showFlares":true,"showImageEffects":true,"showParticleSystems":true},"in2DMode":false,"pivot":{"x":0.7480672001838684,"y":-1.8054475784301758,"z":1.140213966369629},"rotation":{"x":0.4884707033634186,"y":0.10937629640102387,"z":-0.061872370541095737,"w":0.863495945930481},"size":4.174177169799805,"orthographic":false}