{"cameraMode":{"drawMode":2,"name":"Shaded Wireframe","section":"Shading Mode"},"sceneLighting":true,"audioPlay":false,"sceneViewState":{"showFog":true,"showMaterialUpdate":false,"showSkybox":true,"showFlares":true,"showImageEffects":true,"showParticleSystems":true},"in2DMode":false,"pivot":{"x":9.699040412902832,"y":5.887789726257324,"z":-8.587170600891114},"rotation":{"x":0.3398889899253845,"y":0.008460238575935364,"z":-0.003056763205677271,"w":0.9404370188713074},"size":2.7329702377319338,"orthographic":false}